Workbook

Sheet 분류요약
B2: 20 경동도면함 · CAD 활용성 분류
B3: 기준: .dwg/.dxf=활용 · .cad=조건부(CADian 전용) · .bak/.log 등=제외 · PDF/이미지/문서=비CAD | 분류일 2026-07-21
B5: ① 전체 분류 현황
B6: 분류 | C6: 파일 수 | D6: 설명
B7: 활용CAD (.dwg/.dxf) | C7: =COUNTA(활용CAD!$A:$A)-1 -> 413 | D7: 표준 포맷 - 바로 열람·변환·AI 학습 활용 가능
B8: 조건부CAD (.cad) | C8: =COUNTA('조건부CAD(CADian)'!$A:$A)-1 -> 320 | D8: CADian 전용 - DWG 변환 후 활용
B9: 제외·비CAD | C9: =COUNTA(제외·비CAD!$A:$A)-1 -> 777 | D9: 백업·시스템 파일 및 PDF·사진·문서
B10: 합계 | C10: =C7+C8+C9 -> 1510
B12: ② 제품별 CAD 도면 수량
B13: 제품 | C13: 활용CAD(.dwg/.dxf) | D13: 조건부(.cad)
B14: 교반부품 | C14: =COUNTIF(활용CAD!$A:$A,"교반부품") -> 8 | D14: =COUNTIF('조건부CAD(CADian)'!$A:$A,"교반부품") -> 9
B15: 기타/미분류 | C15: =COUNTIF(활용CAD!$A:$A,"기타/미분류") -> 51 | D15: =COUNTIF('조건부CAD(CADian)'!$A:$A,"기타/미분류") -> 36
B16: 누체필터 | C16: =COUNTIF(활용CAD!$A:$A,"누체필터") -> 67 | D16: =COUNTIF('조건부CAD(CADian)'!$A:$A,"누체필터") -> 57
B17: 리시버탱크 | C17: =COUNTIF(활용CAD!$A:$A,"리시버탱크") -> 18 | D17: =COUNTIF('조건부CAD(CADian)'!$A:$A,"리시버탱크") -> 19
B18: 믹서 | C18: =COUNTIF(활용CAD!$A:$A,"믹서") -> 29 | D18: =COUNTIF('조건부CAD(CADian)'!$A:$A,"믹서") -> 27
B19: 반응기 | C19: =COUNTIF(활용CAD!$A:$A,"반응기") -> 33 | D19: =COUNTIF('조건부CAD(CADian)'!$A:$A,"반응기") -> 25
B20: 범용부품 | C20: =COUNTIF(활용CAD!$A:$A,"범용부품") -> 13 | D20: =COUNTIF('조건부CAD(CADian)'!$A:$A,"범용부품") -> 7
B21: 베셀(용기) | C21: =COUNTIF(활용CAD!$A:$A,"베셀(용기)") -> 37 | D21: =COUNTIF('조건부CAD(CADian)'!$A:$A,"베셀(용기)") -> 35
B22: 저장탱크 | C22: =COUNTIF(활용CAD!$A:$A,"저장탱크") -> 57 | D22: =COUNTIF('조건부CAD(CADian)'!$A:$A,"저장탱크") -> 23
B23: 진공건조기 | C23: =COUNTIF(활용CAD!$A:$A,"진공건조기") -> 93 | D23: =COUNTIF('조건부CAD(CADian)'!$A:$A,"진공건조기") -> 72
B24: 탱크(기타) | C24: =COUNTIF(활용CAD!$A:$A,"탱크(기타)") -> 7 | D24: =COUNTIF('조건부CAD(CADian)'!$A:$A,"탱크(기타)") -> 10
B25: ※ 제품 태깅: 폴더경로·파일명 키워드 자동 매칭 - '기타/미분류'는 수동 확인 권장
B27: ③ 제외·비CAD 세부
B28: 분류 | C28: 파일 수
B29: 기타-내부압축(해제 필요) | C29: =COUNTIF(제외·비CAD!$A:$A,"기타-내부압축(해제 필요)") -> 10
B30: 비CAD-PDF문서 | C30: =COUNTIF(제외·비CAD!$A:$A,"비CAD-PDF문서") -> 172
B31: 비CAD-문서(엑셀/워드 등) | C31: =COUNTIF(제외·비CAD!$A:$A,"비CAD-문서(엑셀/워드 등)") -> 15
B32: 비CAD-이미지/사진 | C32: =COUNTIF(제외·비CAD!$A:$A,"비CAD-이미지/사진") -> 281
B33: 제외-백업(.bak) | C33: =COUNTIF(제외·비CAD!$A:$A,"제외-백업(.bak)") -> 245
B34: 제외-시스템/임시 | C34: =COUNTIF(제외·비CAD!$A:$A,"제외-시스템/임시") -> 54

Sheet 활용CAD
A1: 제품 | B1: 프로젝트폴더 | C1: 폴더경로 | D1: 파일명 | E1: 확장자 | F1: CAD버전 | G1: 크기(KB) | H1: 수정일자 | I1: 비고
A2: 교반부품 | B2: GD2007-00 동광제약 | C2: 20 경동도면함/GD2007-00 동광제약/GD2007-01-00-압력텡크(70L) 추가작업/SJ1903-01 동광제약-교반기 | D2: PACKING.dwg | E2: .dwg | F2: AutoCAD 2000 | G2: 112.8 | H2: 2019-01-24
A3: 교반부품 | B3: GD2007-00 동광제약 | C3: 20 경동도면함/GD2007-00 동광제약/GD2007-01-00-압력텡크(70L) 추가작업/SJ1903-01 동광제약-교반기/SJ1800-09-동광제약 | D3: M145- clamp type-2018.11.07.dwg | E3: .dwg | F3: AutoCAD 2000 | G3: 567.2 | H3: 2018-11-16
A4: 교반부품 | B4: GD2007-00 동광제약 | C4: 20 경동도면함/GD2007-00 동광제약/GD2007-01-00-압력텡크(70L) 추가작업/SJ1903-01 동광제약-교반기/SJ1800-09-동광제약 | D4: SJ1800-09-교반기-부품.dwg | E4: .dwg | F4: AutoCAD 2000 | G4: 131.6 | H4: 2019-01-13
A5: 교반부품 | B5: GD2007-00 동광제약 | C5: 20 경동도면함/GD2007-00 동광제약/GD2007-01-00-압력텡크(70L) 추가작업/SJ1903-01 동광제약-교반기/SJ1800-09-동광제약 | D5: SJ1800-09-교반기.dwg | E5: .dwg | F5: AutoCAD 2000 | G5: 203.4 | H5: 2018-10-19
A6: 교반부품 | B6: GD2007-00 동광제약 | C6: 20 경동도면함/GD2007-00 동광제약/GD2007-01-00-압력텡크(70L) 추가작업/SJ1903-01 동광제약-교반기/SJ1800-09-동광제약 | D6: SJ1800-09-교반기B-201027.dwg | E6: .dwg | F6: AutoCAD R11/12 | G6: 1012.7 | H6: 2020-12-02
A7: 교반부품 | B7: GD2007-00 동광제약 | C7: 20 경동도면함/GD2007-00 동광제약/GD2007-01-00-압력텡크(70L) 추가작업/SJ1903-01 동광제약-교반기/SJ1800-09-동광제약 | D7: SJ1800-09-교반기B-201027B.dwg | E7: .dwg | F7: AutoCAD 2000 | G7: 117.2 | H7: 2020-11-12
A8: 교반부품 | B8: GD2007-00 동광제약 | C8: 20 경동도면함/GD2007-00 동광제약/GD2007-01-00-압력텡크(70L) 추가작업/SJ1903-01 동광제약-교반기/SJ1800-09-동광제약 | D8: SJ1800-09-교반기B-201201.dwg | E8: .dwg | F8: AutoCAD R11/12 | G8: 10.8 | H8: 2020-12-02
A9: 교반부품 | B9: GD2007-00 동광제약 | C9: 20 경동도면함/GD2007-00 동광제약/GD2007-01-00-압력텡크(70L) 추가작업/SJ1903-01 동광제약-교반기/SJ1800-09-동광제약 | D9: SJ1800-09-교반기B-201207.dwg | E9: .dwg | F9: AutoCAD 2000 | G9: 120.1 | H9: 2020-12-09
A10: 기타/미분류 | B10: (루트) | C10: 20 경동도면함 | D10: SAMPLE.dwg | E10: .dwg | F10: AutoCAD 2000 | G10: 118.4 | H10: 2020-04-17
A11: 기타/미분류 | B11: GD1704-두루텍 | C11: 17 경동도면함/GD1704-두루텍 | D11: 143_1.dwg | E11: .dwg | F11: AutoCAD 2000 | G11: 1794.8 | H11: 2017-11-07
A12: 기타/미분류 | B12: GD1704-두루텍 | C12: 17 경동도면함/GD1704-두루텍 | D12: PLATE.dwg | E12: .dwg | F12: AutoCAD 2000 | G12: 119.6 | H12: 2017-07-05
A13: 기타/미분류 | B13: GD1704-두루텍 | C13: 17 경동도면함/GD1704-두루텍 | D13: 두루텍 허가도면2007-170916.dwg | E13: .dwg | F13: AutoCAD 2000 | G13: 2001.7 | H13: 2017-09-16
... A414: 탱크(기타) | B414: GD1704-두루텍 | C414: 17 경동도면함/GD1704-두루텍/GD170402-샌딩탱크 | D414: 센딩기 201700919.dwg | E414: .dwg | F414: AutoCAD 2000 | G414: 605.8 | H414: 2017-11-10

Sheet 조건부CAD(CADian)
A1: 제품 | B1: 프로젝트폴더 | C1: 폴더경로 | D1: 파일명 | E1: 확장자 | F1: 포맷 | G1: 크기(KB) | H1: 수정일자 | I1: 비고
A2: 교반부품 | B2: GD1802-웰이엔씨 | C2: 18 경동도면함/GD1802-웰이엔씨/GD1802-02-교반기 | D2: GD1605-01-000.cad | E2: .cad | F2: CADian V10.00 | G2: 5710 | H2: 2018-02-21 | I2: CADian에서 DWG 변환 필요
A3: 교반부품 | B3: GD2007-00 동광제약 | C3: 20 경동도면함/GD2007-00 동광제약/GD2007-01-00-압력텡크(70L) 추가작업/SJ1903-01 동광제약-교반기 | D3: PACKING.cad | E3: .cad | F3: CADian V10.00 | G3: 23.7 | H3: 2019-01-24 | I3: 동일 DWG 존재(중복 - DWG 사용 권장)
A4: 교반부품 | B4: GD2007-00 동광제약 | C4: 20 경동도면함/GD2007-00 동광제약/GD2007-01-00-압력텡크(70L) 추가작업/SJ1903-01 동광제약-교반기/SJ1800-09-동광제약 | D4: GD160202-000DA.cad | E4: .cad | F4: CADian V10.00 | G4: 423.7 | H4: 2018-09-04 | I4: CADian에서 DWG 변환 필요
A5: 교반부품 | B5: GD2007-00 동광제약 | C5: 20 경동도면함/GD2007-00 동광제약/GD2007-01-00-압력텡크(70L) 추가작업/SJ1903-01 동광제약-교반기/SJ1800-09-동광제약 | D5: M145- clamp type-2018.11.07.cad | E5: .cad | F5: CADian V10.00 | G5: 150.6 | H5: 2018-11-16 | I5: 동일 DWG 존재(중복 - DWG 사용 권장)
A6: 교반부품 | B6: GD2007-00 동광제약 | C6: 20 경동도면함/GD2007-00 동광제약/GD2007-01-00-압력텡크(70L) 추가작업/SJ1903-01 동광제약-교반기/SJ1800-09-동광제약 | D6: SJ1800-09-교반기.cad | E6: .cad | F6: CADian V10.00 | G6: 449.4 | H6: 2018-11-19 | I6: 동일 DWG 존재(중복 - DWG 사용 권장)
A7: 교반부품 | B7: GD2007-00 동광제약 | C7: 20 경동도면함/GD2007-00 동광제약/GD2007-01-00-압력텡크(70L) 추가작업/SJ1903-01 동광제약-교반기/SJ1800-09-동광제약 | D7: SJ1800-09-교반기A.cad | E7: .cad | F7: CADian V10.00 | G7: 1282.8 | H7: 2020-10-27 | I7: CADian에서 DWG 변환 필요
A8: 교반부품 | B8: GD2007-00 동광제약 | C8: 20 경동도면함/GD2007-00 동광제약/GD2007-01-00-압력텡크(70L) 추가작업/SJ1903-01 동광제약-교반기/SJ1800-09-동광제약 | D8: SJ1800-09-교반기B-201027.cad | E8: .cad | F8: CADian V10.00 | G8: 1299.2 | H8: 2020-12-09 | I8: 동일 DWG 존재(중복 - DWG 사용 권장)
A9: 교반부품 | B9: GD2007-00 동광제약 | C9: 20 경동도면함/GD2007-00 동광제약/GD2007-01-00-압력텡크(70L) 추가작업/SJ1903-01 동광제약-교반기/SJ1800-09-동광제약 | D9: SJ1800-09-교반기B-201027A.cad | E9: .cad | F9: CADian V10.00 | G9: 38.5 | H9: 2020-10-27 | I9: CADian에서 DWG 변환 필요
A10: 교반부품 | B10: GD2007-00 동광제약 | C10: 20 경동도면함/GD2007-00 동광제약/GD2007-01-00-압력텡크(70L) 추가작업/SJ1903-01 동광제약-교반기/SJ1800-09-동광제약 | D10: SJ1800-09-교반기B-201027B.cad | E10: .cad | F10: CADian V10.00 | G10: 143.3 | H10: 2020-11-12 | I10: 동일 DWG 존재(중복 - DWG 사용 권장)
A11: 기타/미분류 | B11: (루트) | C11: 20 경동도면함 | D11: SAMPLE.cad | E11: .cad | F11: CADian V10.00 | G11: 28.2 | H11: 2020-04-17 | I11: 동일 DWG 존재(중복 - DWG 사용 권장)
A12: 기타/미분류 | B12: GD1704-두루텍 | C12: 17 경동도면함/GD1704-두루텍 | D12: PLATE.cad | E12: .cad | F12: CADian V10.00 | G12: 26.5 | H12: 2017-07-05 | I12: 동일 DWG 존재(중복 - DWG 사용 권장)
A13: 기타/미분류 | B13: GD1704-두루텍 | C13: 17 경동도면함/GD1704-두루텍 | D13: bucket-155.cad | E13: .cad | F13: CADian V10.00 | G13: 575.1 | H13: 2017-11-09 | I13: CADian에서 DWG 변환 필요
... A321: 탱크(기타) | B321: GD1704-두루텍 | C321: 17 경동도면함/GD1704-두루텍/GD170402-샌딩탱크 | D321: 센딩기+버킷콘베어 201700919.cad | E321: .cad | F321: CADian V10.00 | G321: 905.3 | H321: 2017-11-20 | I321: CADian에서 DWG 변환 필요

Sheet 제외·비CAD
A1: 분류 | B1: 제품 | C1: 폴더경로 | D1: 파일명 | E1: 확장자 | F1: 크기(KB) | G1: 수정일자
A2: 기타-내부압축(해제 필요) | B2: 진공건조기 | C2: 16 경동도면함/GD160801-진공건조기/문서관련/제출자료 | D2: 재질성적서.zip | E2: .zip | F2: 1071 | G2: 2017-02-10
A3: 기타-내부압축(해제 필요) | B3: 진공건조기 | C3: 16 경동도면함/GD160801-진공건조기/사진 | D3: 진공건조기 사진.zip | E3: .zip | F3: 34071.7 | G3: 2016-09-27
A4: 기타-내부압축(해제 필요) | B4: 누체필터 | C4: 16 경동도면함/GD160803-누체필터10L | D4: 0_누체필터 사진 송부 건_161017.zip | E4: .zip | F4: 20275.4 | G4: 2016-10-18
A5: 기타-내부압축(해제 필요) | B5: 누체필터 | C5: 16 경동도면함/GD160803-누체필터10L/제작관련사진 | D5: 누체필터 관련사진.zip | E5: .zip | F5: 27977.7 | G5: 2016-10-24
A6: 기타-내부압축(해제 필요) | B6: 누체필터 | C6: 16 경동도면함/GD160803-누체필터10L/제작관련사진/직박구리 | D6: 161027.zip | E6: .zip | F6: 17654.3 | G6: 2016-10-27
A7: 기타-내부압축(해제 필요) | B7: 누체필터 | C7: 16 경동도면함/GD160803-누체필터10L/제작관련사진/해오라기 | D7: 1025.zip | E7: .zip | F7: 1122.5 | G7: 2016-10-26
A8: 기타-내부압축(해제 필요) | B8: 누체필터 | C8: 16 경동도면함/GD160803-누체필터10L/제출자료 | D8: 10L누체필터 관련자료.zip | E8: .zip | F8: 1505.1 | G8: 2016-12-01
A9: 기타-내부압축(해제 필요) | B9: 진공건조기 | C9: 18 경동도면함/GD1802-웰이엔씨/GD1802-01-진공건조기 | D9: 부품6.zip | E9: .zip | F9: 164.3 | G9: 2018-04-30
A10: 기타-내부압축(해제 필요) | B10: 저장탱크 | C10: 19 경동도면함/GD1906-저장탱크-대한열기/GD1905-01-02 3차도면 | D10: NI047-10-W01-C2M_Tank with insulation-SOLUGEL용 3기(대칭구조).zip | E10: .zip | F10: 4297.1 | G10: 2019-12-31
A11: 기타-내부압축(해제 필요) | B11: 저장탱크 | C11: 19 경동도면함/GD1906-저장탱크-대한열기/GD1905-01-02 3차도면 | D11: NI047-10-W01-C2_Tank with insulation-HEC용 2기.zip | E11: .zip | F11: 4082.1 | G11: 2019-12-31
A12: 비CAD-PDF문서 | B12: 진공건조기 | C12: 16 경동도면함/GD160801-진공건조기 | D12: GD1606-01-00-VD100L.pdf | E12: .pdf | F12: 109.4 | G12: 2016-09-27
A13: 비CAD-PDF문서 | B13: 진공건조기 | C13: 16 경동도면함/GD160801-진공건조기 | D13: GD1606-01-01B.pdf | E13: .pdf | F13: 31.8 | G13: 2016-10-07
... A778: 제외-시스템/임시 | B778: 기타/미분류 | C778: 20 경동도면함/GD2011-00 엔에프테크 조범주/GD2011-01-01-ELTRO. NIZZLE | D778: dwg.log | E778: .log | F778: 3 | G778: 2020-08-24
